{"cameraMode":{"drawMode":0,"name":"Shaded","section":"Shading Mode"},"sceneLighting":true,"audioPlay":false,"sceneViewState":{"showFog":true,"showMaterialUpdate":false,"showSkybox":true,"showFlares":true,"showImageEffects":true,"showParticleSystems":true},"in2DMode":false,"pivot":{"x":3.6957576274871828,"y":2.770143508911133,"z":-3.871269941329956},"rotation":{"x":-0.2908875346183777,"y":-0.14667388796806336,"z":0.04546914994716644,"w":-0.9444941878318787},"size":3.867997407913208,"orthographic":false}