{"cameraMode":{"drawMode":0,"name":"Shaded","section":"Shading Mode"},"sceneLighting":false,"audioPlay":false,"sceneViewState":{"showFog":true,"showMaterialUpdate":false,"showSkybox":false,"showFlares":true,"showImageEffects":true,"showParticleSystems":true},"in2DMode":false,"pivot":{"x":-4.76837158203125e-7,"y":0.9918473362922669,"z":2.9802322387695315e-8},"rotation":{"x":0.022798456251621248,"y":0.9563480615615845,"z":-0.07764305174350739,"w":0.28081056475639346},"size":2.053459644317627,"orthographic":false}