{"cameraMode":{"drawMode":0,"name":"Shaded","section":"Shading Mode"},"sceneLighting":false,"audioPlay":false,"sceneViewState":{"showFog":true,"showMaterialUpdate":false,"showSkybox":false,"showFlares":true,"showImageEffects":true,"showParticleSystems":true},"in2DMode":false,"pivot":{"x":0.0,"y":1.1344242095947266,"z":1.4901161193847657e-7},"rotation":{"x":-0.11862289905548096,"y":0.7065662741661072,"z":-0.1220216229557991,"w":-0.6868979930877686},"size":1.4931119680404664,"orthographic":false}