{"cameraMode":{"drawMode":0,"name":"Shaded","section":"Shading Mode"},"sceneLighting":true,"audioPlay":false,"sceneViewState":{"showFog":false,"showMaterialUpdate":false,"showSkybox":false,"showFlares":false,"showImageEffects":false,"showParticleSystems":false},"in2DMode":false,"pivot":{"x":2.6657416820526125,"y":3.018197774887085,"z":1.1214553117752076},"rotation":{"x":-0.010895231738686562,"y":-0.7513371706008911,"z":-0.012391092255711556,"w":0.6597502827644348},"size":0.6808484792709351,"orthographic":false}