{"cameraMode":{"drawMode":0,"name":"Shaded","section":"Shading Mode"},"sceneLighting":true,"audioPlay":false,"sceneViewState":{"showFog":true,"showMaterialUpdate":false,"showSkybox":false,"showFlares":true,"showImageEffects":true,"showParticleSystems":true},"in2DMode":false,"pivot":{"x":7.0970001220703129,"y":1.466939926147461,"z":-3.936138153076172},"rotation":{"x":0.10714671015739441,"y":0.5488541722297669,"z":-0.07119563966989517,"w":0.8259691596031189},"size":12.12435531616211,"orthographic":false}